a,0.9167256951332092,0.07645093649625778,-0.5535397529602051,1.5333137512207031,-0.8947069048881531,0.8423249125480652,-0.8464358448982239,-0.25919219851493835,-1.528050422668457,-2.0081405639648438,-1.3832985162734985,-1.7330514192581177,1.5177079439163208,0.4176257848739624,0.40680715441703796,1.6375725269317627
c,1.4320265054702759,-1.3123291730880737,-0.9356075525283813,-0.8149952292442322,0.7080082297325134,1.7924851179122925,0.4911242425441742,-0.2595022916793823,-2.5805704593658447,-0.013895454816520214,0.22315584123134613,2.1908071041107178,-0.08205386251211166,0.9393043518066406,1.6399730443954468,1.1371291875839233
d,-1.169971227645874,-2.093376636505127,0.19572965800762177,0.08751185983419418,0.881205677986145,-1.891000509262085,-1.1186370849609375,0.30423703789711,0.3202666938304901,-1.0337117910385132,0.12009622156620026,-0.935230016708374,-0.3751939535140991,1.196220874786377,0.5897785425186157,1.4872368574142456
e,-0.12542077898979187,-0.38774529099464417,-1.1473592519760132,-0.01831711083650589,-1.844896674156189,-2.977233648300171,0.5970823764801025,0.3032117187976837,-1.4801567792892456,-1.4318382740020752,-0.07319674640893936,-0.9047168493270874,-0.027795525267720222,-0.2934398055076599,-0.3071530759334564,-0.4537516236305237
f,-1.6210920810699463,-1.0167765617370605,-0.0430682972073555,-0.7386895418167114,1.1049623489379883,0.9802795648574829,-0.8715125322341919,0.9272973537445068,0.8227314352989197,0.31250089406967163,-1.225185513496399,-1.7344189882278442,0.8482542037963867,0.9480390548706055,0.3903544843196869,-0.5422692894935608
g,0.08930349349975586,-1.3403496742248535,-0.4013918936252594,0.46199196577072144,2.0128445625305176,-0.7563917636871338,1.1549627780914307,-0.8466752767562866,0.41331565380096436,-1.3026920557022095,1.7959785461425781,0.981012225151062,-1.1514984369277954,1.4839818477630615,-1.7981007099151611,-0.28828856348991394
h,-0.7397558689117432,-2.1720657348632812,-0.19498558342456818,2.081909418106079,-0.1714617908000946,-0.7931904196739197,-0.3497946262359619,-0.08750344812870026,-0.36904263496398926,-0.6927855014801025,-0.12081414461135864,0.33470991253852844,-0.461370587348938,1.0893200635910034,1.1148418188095093,-0.010610092431306839
i,0.5462284684181213,1.7850450277328491,-1.6061768531799316,-0.1120646521449089,1.8251346349716187,0.2868177890777588,-1.5695048570632935,1.2148714065551758,0.25872570276260376,-0.4220532476902008,-0.5762233734130859,-2.1241214275360107,0.8471831679344177,-0.6467732787132263,1.2826628684997559,-1.2978957891464233
k,0.2524665892124176,-0.8983805179595947,-0.23250077664852142,-1.2752549648284912,-0.10526692867279053,-0.11579127609729767,-0.15262649953365326,0.38830333948135376,-0.042859457433223724,0.25931987166404724,0.6778966784477234,-2.1290292739868164,2.300198554992676,-0.9097391963005066,-0.6004337072372437,1.4863777160644531
l,-0.8780122399330139,-1.5403071641921997,-1.6277639865875244,0.6611945629119873,-0.9488814473152161,0.48890963196754456,0.38804176449775696,-0.009034136310219765,-0.02114245481789112,0.2834126055240631,-1.6768548488616943,-0.6107653379440308,-1.2773267030715942,0.2508271634578705,1.1684768199920654,-1.487178087234497
m,0.7769315838813782,0.17989052832126617,0.19078610837459564,0.7146178483963013,-0.39461860060691833,2.329742670059204,-0.22600725293159485,0.9813814759254456,-1.2901546955108643,0.2462042272090912,0.7070914506912231,0.5711334943771362,0.6987988948822021,-0.2337605059146881,1.0365290641784668,-1.0478246212005615
n,0.9387546181678772,-0.5189703702926636,0.5235635638237,-0.003070254111662507,1.1120697259902954,-0.4536485970020294,-0.5144084095954895,0.5829284191131592,-0.5845345854759216,0.1384170651435852,-0.5581863522529602,-0.7702127695083618,0.9018723368644714,-1.0522469282150269,0.9957237839698792,0.8556271195411682
p,-0.2469353824853897,-2.5815958976745605,-0.8883551359176636,-1.4023746252059937,1.8861552476882935,-1.015012264251709,-1.2100363969802856,-0.47061675786972046,0.5813066959381104,1.0043621063232422,0.5933351516723633,0.11054987460374832,0.7563655972480774,1.4607996940612793,-0.9842647314071655,0.3100731372833252
q,0.7437962293624878,0.20370525121688843,-0.2838788628578186,1.2705661058425903,-1.0408910512924194,-0.6389724612236023,0.9064255356788635,1.1363741159439087,0.9842475652694702,0.20275317132472992,-0.05627787113189697,-0.3645094633102417,-2.1738314628601074,1.4376641511917114,-0.9782667756080627,-0.9602847099304199
r,0.32649102807044983,1.0344411134719849,-0.013107752427458763,-0.5220987796783447,-2.4089064598083496,-0.022334499284625053,-0.3679306209087372,-1.6480062007904053,-1.5190305709838867,1.1910338401794434,-0.0953693762421608,-1.1440763473510742,-2.3834569454193115,-0.7755634188652039,1.755475640296936,-1.447162389755249
s,0.854990541934967,2.1675314903259277,-0.2295568436384201,1.062707781791687,0.6068578362464905,-1.4384539127349854,-2.5108799934387207,0.4906769096851349,-1.5322437286376953,-0.17245125770568848,0.6133652329444885,0.11160872876644135,-0.17160581052303314,-0.09196852892637253,0.595386803150177,-0.3758527934551239
t,1.2157100439071655,0.026272142305970192,-0.2676149606704712,0.8056436777114868,0.6551098227500916,0.23676522076129913,0.5772154331207275,0.007292993366718292,0.19909730553627014,0.18610629439353943,-1.7351328134536743,-0.0169454924762249,-0.25715407729148865,-2.1273279190063477,-1.331040382385254,0.016016291454434395
v,0.6216445565223694,-0.0058984397910535336,-2.3990447521209717,0.047832172363996506,0.1634845733642578,0.25919634103775024,1.504206657409668,-0.7861508131027222,-0.43120402097702026,-0.42075613141059875,-1.0587340593338013,0.19595427811145782,-1.5396310091018677,-1.6443501710891724,-1.259454607963562,-0.34634929895401
w,0.08346517384052277,-0.46996331214904785,1.260901927947998,1.565114140510559,0.22016498446464539,0.21522878110408783,-0.4230159521102905,-1.6550767421722412,2.178305149078369,-1.3389471769332886,0.2971557676792145,-0.6271144151687622,1.2681162357330322,-0.7580879330635071,0.7913970947265625,1.8688085079193115
x,-0.13965249061584473,0.39599430561065674,-1.9367307424545288,-0.17932577431201935,0.09027225524187088,-3.1017086505889893,0.24956828355789185,-0.1558426022529602,-0.6661258339881897,0.6950623393058777,-0.2590596079826355,-0.420681357383728,-1.0476653575897217,0.8946306109428406,1.0693060159683228,-0.9276823997497559
y,-1.02347731590271,-0.6870808601379395,-1.4622881412506104,0.7948828935623169,-0.12269176542758942,-0.28600063920021057,0.6863273978233337,0.24747686088085175,0.47552329301834106,0.1770050972700119,0.29260194301605225,-1.2213449478149414,0.6986910700798035,-1.0580933094024658,0.14955595135688782,-0.4557095170021057
z,-1.9002577066421509,0.006067837588489056,1.0673106908798218,-0.28024712204933167,-0.3278660774230957,1.1142758131027222,1.2467877864837646,-0.5143657922744751,-1.4854340553283691,0.6537832021713257,-0.677090585231781,-0.061345797032117844,-0.30765804648399353,-1.455782413482666,0.7549447417259216,1.662015676498413
